-- phpMyAdmin SQL Dump
-- version 4.9.0.1
-- https://www.phpmyadmin.net/
--
-- Host: 127.0.0.1
-- Tempo de geração: 21-Nov-2019 às 21:38
-- Versão do servidor: 10.4.6-MariaDB
-- versão do PHP: 7.3.9

SET SQL_MODE = "NO_AUTO_VALUE_ON_ZERO";
SET AUTOCOMMIT = 0;
START TRANSACTION;
SET time_zone = "+00:00";


/*!40101 SET @OLD_CHARACTER_SET_CLIENT=@@CHARACTER_SET_CLIENT */;
/*!40101 SET @OLD_CHARACTER_SET_RESULTS=@@CHARACTER_SET_RESULTS */;
/*!40101 SET @OLD_COLLATION_CONNECTION=@@COLLATION_CONNECTION */;
/*!40101 SET NAMES utf8mb4 */;

--
-- Banco de dados: `id11145052_ecommerce`
--

DELIMITER $$
--
-- Procedimentos
--
CREATE   PROCEDURE `sp_categories_save` (`pidcategory` INT, `pdescategory` VARCHAR(64))  BEGIN
	
	IF pidcategory > 0 THEN
		
		UPDATE tb_categories
        SET descategory = pdescategory
        WHERE idcategory = pidcategory;
        
    ELSE
		
		INSERT INTO tb_categories (descategory) VALUES(pdescategory);
        
        SET pidcategory = LAST_INSERT_ID();
        
    END IF;
    
    SELECT * FROM tb_categories WHERE idcategory = pidcategory;
    
END$$

CREATE   PROCEDURE `sp_userspasswordsrecoveries_create` (`piduser` INT, `pdesip` VARCHAR(45))  BEGIN
  
  INSERT INTO tb_userspasswordsrecoveries (iduser, desip)
    VALUES(piduser, pdesip);
    
    SELECT * FROM tb_userspasswordsrecoveries
    WHERE idrecovery = LAST_INSERT_ID();
    
END$$

CREATE   PROCEDURE `sp_usersupdate_save` (`piduser` INT, `pdesperson` VARCHAR(64), `pdeslogin` VARCHAR(64), `pdespassword` VARCHAR(256), `pdesemail` VARCHAR(128), `pnrphone` BIGINT, `pinadmin` TINYINT)  BEGIN
  
    DECLARE vidperson INT;
    
  SELECT idperson INTO vidperson
    FROM tb_users
    WHERE iduser = piduser;
    
    UPDATE tb_persons
    SET 
    desperson = pdesperson,
        desemail = pdesemail,
        nrphone = pnrphone
  WHERE idperson = vidperson;
    
    UPDATE tb_users
    SET
    deslogin = pdeslogin,
        despassword = pdespassword,
        inadmin = pinadmin
  WHERE iduser = piduser;
    
    SELECT * FROM tb_users a INNER JOIN tb_persons b USING(idperson) WHERE a.iduser = piduser;
    
END$$

CREATE   PROCEDURE `sp_users_delete` (`piduser` INT)  BEGIN
  
    DECLARE vidperson INT;
    
  SELECT idperson INTO vidperson
    FROM tb_users
    WHERE iduser = piduser;
    
    DELETE FROM tb_users WHERE iduser = piduser;
    DELETE FROM tb_persons WHERE idperson = vidperson;
    
END$$

CREATE   PROCEDURE `sp_users_save` (`pdesperson` VARCHAR(64), `pdeslogin` VARCHAR(64), `pdespassword` VARCHAR(256), `pdesemail` VARCHAR(128), `pnrphone` BIGINT, `pinadmin` TINYINT)  BEGIN
  
    DECLARE vidperson INT;
    
  INSERT INTO tb_persons (desperson, desemail, nrphone)
    VALUES(pdesperson, pdesemail, pnrphone);
    
    SET vidperson = LAST_INSERT_ID();
    
    INSERT INTO tb_users (idperson, deslogin, despassword, inadmin)
    VALUES(vidperson, pdeslogin, pdespassword, pinadmin);
    
    SELECT * FROM tb_users a INNER JOIN tb_persons b USING(idperson) WHERE a.iduser = LAST_INSERT_ID();
    
END$$

DELIMITER ;

-- --------------------------------------------------------

--
-- Estrutura da tabela `tb_addresses`
--

CREATE TABLE `tb_addresses` (
  `idaddress` int(11) NOT NULL,
  `idperson` int(11) NOT NULL,
  `desaddress` varchar(128) NOT NULL,
  `descomplement` varchar(32) DEFAULT NULL,
  `descity` varchar(32) NOT NULL,
  `desstate` varchar(32) NOT NULL,
  `descountry` varchar(32) NOT NULL,
  `nrzipcode` int(11) NOT NULL,
  `dtregister` timestamp NOT NULL DEFAULT current_timestamp()
) ENGINE=InnoDB DEFAULT CHARSET=utf8;

-- --------------------------------------------------------

--
-- Estrutura da tabela `tb_carts`
--

CREATE TABLE `tb_carts` (
  `idcart` int(11) NOT NULL,
  `dessessionid` varchar(64) NOT NULL,
  `iduser` int(11) DEFAULT NULL,
  `idaddress` int(11) DEFAULT NULL,
  `vlfreight` decimal(10,2) DEFAULT NULL,
  `dtregister` timestamp NOT NULL DEFAULT current_timestamp()
) ENGINE=InnoDB DEFAULT CHARSET=utf8;

-- --------------------------------------------------------

--
-- Estrutura da tabela `tb_cartsproducts`
--

CREATE TABLE `tb_cartsproducts` (
  `idcartproduct` int(11) NOT NULL,
  `idcart` int(11) NOT NULL,
  `idproduct` int(11) NOT NULL,
  `dtremoved` datetime NOT NULL,
  `dtregister` timestamp NOT NULL DEFAULT current_timestamp()
) ENGINE=InnoDB DEFAULT CHARSET=utf8;

-- --------------------------------------------------------

--
-- Estrutura da tabela `tb_categories`
--

CREATE TABLE `tb_categories` (
  `idcategory` int(11) NOT NULL,
  `descategory` varchar(32) NOT NULL,
  `dtregister` timestamp NOT NULL DEFAULT current_timestamp()
) ENGINE=InnoDB DEFAULT CHARSET=utf8;

--
-- Extraindo dados da tabela `tb_categories`
--

INSERT INTO `tb_categories` (`idcategory`, `descategory`, `dtregister`) VALUES
(3, 'Google', '2019-11-21 20:16:33'),
(7, 'Apple', '2019-11-21 20:25:23'),
(8, 'Motorola', '2019-11-21 20:25:27'),
(9, 'Xiaomi', '2019-11-21 20:25:31'),
(10, 'Samsung', '2019-11-21 20:25:42');

-- --------------------------------------------------------

--
-- Estrutura da tabela `tb_orders`
--

CREATE TABLE `tb_orders` (
  `idorder` int(11) NOT NULL,
  `idcart` int(11) NOT NULL,
  `iduser` int(11) NOT NULL,
  `idstatus` int(11) NOT NULL,
  `vltotal` decimal(10,2) NOT NULL,
  `dtregister` timestamp NOT NULL DEFAULT current_timestamp()
) ENGINE=InnoDB DEFAULT CHARSET=utf8;

-- --------------------------------------------------------

--
-- Estrutura da tabela `tb_ordersstatus`
--

CREATE TABLE `tb_ordersstatus` (
  `idstatus` int(11) NOT NULL,
  `desstatus` varchar(32) NOT NULL,
  `dtregister` timestamp NOT NULL DEFAULT current_timestamp()
) ENGINE=InnoDB DEFAULT CHARSET=utf8;

--
-- Extraindo dados da tabela `tb_ordersstatus`
--

INSERT INTO `tb_ordersstatus` (`idstatus`, `desstatus`, `dtregister`) VALUES
(1, 'Em Aberto', '2017-03-13 06:00:00'),
(2, 'Aguardando Pagamento', '2017-03-13 06:00:00'),
(3, 'Pago', '2017-03-13 06:00:00'),
(4, 'Entregue', '2017-03-13 06:00:00');

-- --------------------------------------------------------

--
-- Estrutura da tabela `tb_persons`
--

CREATE TABLE `tb_persons` (
  `idperson` int(11) NOT NULL,
  `desperson` varchar(64) NOT NULL,
  `desemail` varchar(128) DEFAULT NULL,
  `nrphone` bigint(20) DEFAULT NULL,
  `dtregister` timestamp NOT NULL DEFAULT current_timestamp()
) ENGINE=InnoDB DEFAULT CHARSET=utf8;

--
-- Extraindo dados da tabela `tb_persons`
--

INSERT INTO `tb_persons` (`idperson`, `desperson`, `desemail`, `nrphone`, `dtregister`) VALUES
(7, 'Suporte', 'suporte@hcode.com.br', 1112345678, '2017-03-15 19:10:27'),
(16, 'admin', 'matheusholms@colegionovotempo.com.br', 0, '2019-10-16 17:00:43');

-- --------------------------------------------------------

--
-- Estrutura da tabela `tb_products`
--

CREATE TABLE `tb_products` (
  `idproduct` int(11) NOT NULL,
  `desproduct` varchar(64) NOT NULL,
  `vlprice` decimal(10,2) NOT NULL,
  `vlwidth` decimal(10,2) NOT NULL,
  `vlheight` decimal(10,2) NOT NULL,
  `vllength` decimal(10,2) NOT NULL,
  `vlweight` decimal(10,2) NOT NULL,
  `desurl` varchar(128) NOT NULL,
  `dtregister` timestamp NOT NULL DEFAULT current_timestamp()
) ENGINE=InnoDB DEFAULT CHARSET=utf8;

--
-- Extraindo dados da tabela `tb_products`
--

INSERT INTO `tb_products` (`idproduct`, `desproduct`, `vlprice`, `vlwidth`, `vlheight`, `vllength`, `vlweight`, `desurl`, `dtregister`) VALUES
(1, 'Smartphone Android 7.0', '999.95', '75.00', '151.00', '80.00', '167.00', 'smartphone-android-7.0', '2017-03-13 06:00:00'),
(2, 'SmartTV LED 4K', '3925.99', '917.00', '596.00', '288.00', '8600.00', 'smarttv-led-4k', '2017-03-13 06:00:00'),
(3, 'Notebook 14\" 4GB 1TB', '1949.99', '345.00', '23.00', '30.00', '2000.00', 'notebook-14-4gb-1tb', '2017-03-13 06:00:00');

-- --------------------------------------------------------

--
-- Estrutura da tabela `tb_productscategories`
--

CREATE TABLE `tb_productscategories` (
  `idcategory` int(11) NOT NULL,
  `idproduct` int(11) NOT NULL
) ENGINE=InnoDB DEFAULT CHARSET=utf8;

-- --------------------------------------------------------

--
-- Estrutura da tabela `tb_users`
--

CREATE TABLE `tb_users` (
  `iduser` int(11) NOT NULL,
  `idperson` int(11) NOT NULL,
  `deslogin` varchar(64) NOT NULL,
  `despassword` varchar(256) NOT NULL,
  `inadmin` tinyint(4) NOT NULL DEFAULT 0,
  `dtregister` timestamp NOT NULL DEFAULT current_timestamp()
) ENGINE=InnoDB DEFAULT CHARSET=utf8;

--
-- Extraindo dados da tabela `tb_users`
--

INSERT INTO `tb_users` (`iduser`, `idperson`, `deslogin`, `despassword`, `inadmin`, `dtregister`) VALUES
(7, 7, 'suporte', '$2y$10$.Nyq1C9O/n.M6HNTFMaiku2qVzjlye8oMHhbNhbNrtkCWP1WQDgpu', 1, '2017-03-15 19:10:27'),
(16, 16, 'admin', '$2y$10$r/JmOpaO2l00RY81hZGpsuKwErQNJE5bXAE48.yLMFJG29QZ0q9eK', 1, '2019-10-16 17:00:43');

-- --------------------------------------------------------

--
-- Estrutura da tabela `tb_userslogs`
--

CREATE TABLE `tb_userslogs` (
  `idlog` int(11) NOT NULL,
  `iduser` int(11) NOT NULL,
  `deslog` varchar(128) NOT NULL,
  `desip` varchar(45) NOT NULL,
  `desuseragent` varchar(128) NOT NULL,
  `dessessionid` varchar(64) NOT NULL,
  `desurl` varchar(128) NOT NULL,
  `dtregister` timestamp NOT NULL DEFAULT current_timestamp()
) ENGINE=InnoDB DEFAULT CHARSET=utf8;

-- --------------------------------------------------------

--
-- Estrutura da tabela `tb_userspasswordsrecoveries`
--

CREATE TABLE `tb_userspasswordsrecoveries` (
  `idrecovery` int(11) NOT NULL,
  `iduser` int(11) NOT NULL,
  `desip` varchar(45) NOT NULL,
  `dtrecovery` datetime DEFAULT NULL,
  `dtregister` timestamp NOT NULL DEFAULT current_timestamp()
) ENGINE=InnoDB DEFAULT CHARSET=utf8;

--
-- Extraindo dados da tabela `tb_userspasswordsrecoveries`
--

INSERT INTO `tb_userspasswordsrecoveries` (`idrecovery`, `iduser`, `desip`, `dtrecovery`, `dtregister`) VALUES
(1, 7, '127.0.0.1', NULL, '2017-03-15 19:10:59'),
(2, 7, '127.0.0.1', '2017-03-15 13:33:45', '2017-03-15 19:11:18'),
(3, 7, '127.0.0.1', '2017-03-15 13:37:35', '2017-03-15 19:37:12'),
(4, 16, '127.0.0.1', NULL, '2019-10-16 19:05:32'),
(5, 16, '127.0.0.1', NULL, '2019-10-16 19:06:06'),
(6, 16, '127.0.0.1', NULL, '2019-10-16 19:06:07'),
(7, 16, '127.0.0.1', NULL, '2019-10-16 19:06:18'),
(8, 16, '127.0.0.1', NULL, '2019-10-16 20:21:29'),
(9, 16, '127.0.0.1', NULL, '2019-10-16 20:23:14'),
(10, 16, '127.0.0.1', NULL, '2019-10-16 20:23:44'),
(11, 16, '127.0.0.1', NULL, '2019-10-16 20:24:16'),
(12, 16, '127.0.0.1', NULL, '2019-10-16 20:25:33'),
(13, 16, '127.0.0.1', NULL, '2019-10-16 20:25:44'),
(14, 16, '127.0.0.1', NULL, '2019-10-16 20:25:53'),
(15, 16, '127.0.0.1', NULL, '2019-10-16 20:26:52'),
(16, 16, '127.0.0.1', NULL, '2019-10-16 20:30:10'),
(17, 16, '127.0.0.1', NULL, '2019-10-16 20:30:30'),
(18, 16, '127.0.0.1', NULL, '2019-10-16 20:31:14'),
(19, 16, '127.0.0.1', NULL, '2019-10-16 20:32:38'),
(20, 16, '127.0.0.1', NULL, '2019-10-16 20:33:28'),
(21, 16, '127.0.0.1', NULL, '2019-10-16 20:34:09'),
(22, 16, '127.0.0.1', NULL, '2019-10-16 20:38:24'),
(23, 16, '127.0.0.1', NULL, '2019-10-16 20:42:09'),
(24, 16, '127.0.0.1', NULL, '2019-10-16 20:50:21'),
(25, 16, '127.0.0.1', NULL, '2019-10-16 20:51:21'),
(26, 16, '127.0.0.1', NULL, '2019-10-16 20:52:31'),
(27, 16, '127.0.0.1', NULL, '2019-10-16 20:52:50'),
(28, 16, '127.0.0.1', NULL, '2019-10-16 20:53:33'),
(29, 16, '127.0.0.1', NULL, '2019-10-16 20:54:25'),
(30, 16, '127.0.0.1', NULL, '2019-10-16 20:55:05'),
(31, 16, '127.0.0.1', NULL, '2019-10-16 20:56:23'),
(32, 16, '127.0.0.1', NULL, '2019-10-16 20:56:59'),
(33, 16, '127.0.0.1', NULL, '2019-10-16 20:58:12'),
(34, 16, '127.0.0.1', NULL, '2019-10-29 18:44:30'),
(35, 16, '127.0.0.1', NULL, '2019-10-29 18:46:49'),
(36, 16, '127.0.0.1', '2019-10-29 16:35:38', '2019-10-29 18:51:25'),
(37, 16, '127.0.0.1', NULL, '2019-10-29 18:51:54'),
(38, 16, '127.0.0.1', NULL, '2019-10-29 18:54:09'),
(39, 16, '127.0.0.1', '2019-10-29 16:36:04', '2019-10-29 19:35:47'),
(40, 16, '127.0.0.1', '2019-10-29 16:40:37', '2019-10-29 19:40:23'),
(41, 16, '127.0.0.1', '2019-10-29 16:42:55', '2019-10-29 19:42:39'),
(42, 16, '127.0.0.1', '2019-10-29 16:50:30', '2019-10-29 19:50:17'),
(43, 16, '127.0.0.1', '2019-10-29 16:52:38', '2019-10-29 19:51:32'),
(44, 16, '127.0.0.1', '2019-10-29 16:53:06', '2019-10-29 19:52:54'),
(45, 16, '127.0.0.1', '2019-10-29 16:54:23', '2019-10-29 19:53:59'),
(46, 16, '127.0.0.1', '2019-10-29 17:01:26', '2019-10-29 20:01:10'),
(47, 16, '127.0.0.1', '2019-10-29 17:04:13', '2019-10-29 20:04:01'),
(48, 16, '127.0.0.1', '2019-10-29 17:18:24', '2019-10-29 20:18:05'),
(49, 16, '127.0.0.1', '2019-10-29 17:23:33', '2019-10-29 20:23:17');

--
-- Índices para tabelas despejadas
--

--
-- Índices para tabela `tb_addresses`
--
ALTER TABLE `tb_addresses`
  ADD PRIMARY KEY (`idaddress`),
  ADD KEY `fk_addresses_persons_idx` (`idperson`);

--
-- Índices para tabela `tb_carts`
--
ALTER TABLE `tb_carts`
  ADD PRIMARY KEY (`idcart`),
  ADD KEY `FK_carts_users_idx` (`iduser`),
  ADD KEY `fk_carts_addresses_idx` (`idaddress`);

--
-- Índices para tabela `tb_cartsproducts`
--
ALTER TABLE `tb_cartsproducts`
  ADD PRIMARY KEY (`idcartproduct`),
  ADD KEY `FK_cartsproducts_carts_idx` (`idcart`),
  ADD KEY `FK_cartsproducts_products_idx` (`idproduct`);

--
-- Índices para tabela `tb_categories`
--
ALTER TABLE `tb_categories`
  ADD PRIMARY KEY (`idcategory`);

--
-- Índices para tabela `tb_orders`
--
ALTER TABLE `tb_orders`
  ADD PRIMARY KEY (`idorder`),
  ADD KEY `FK_orders_carts_idx` (`idcart`),
  ADD KEY `FK_orders_users_idx` (`iduser`),
  ADD KEY `fk_orders_ordersstatus_idx` (`idstatus`);

--
-- Índices para tabela `tb_ordersstatus`
--
ALTER TABLE `tb_ordersstatus`
  ADD PRIMARY KEY (`idstatus`);

--
-- Índices para tabela `tb_persons`
--
ALTER TABLE `tb_persons`
  ADD PRIMARY KEY (`idperson`);

--
-- Índices para tabela `tb_products`
--
ALTER TABLE `tb_products`
  ADD PRIMARY KEY (`idproduct`);

--
-- Índices para tabela `tb_productscategories`
--
ALTER TABLE `tb_productscategories`
  ADD PRIMARY KEY (`idcategory`,`idproduct`),
  ADD KEY `fk_productscategories_products_idx` (`idproduct`);

--
-- Índices para tabela `tb_users`
--
ALTER TABLE `tb_users`
  ADD PRIMARY KEY (`iduser`),
  ADD KEY `FK_users_persons_idx` (`idperson`);

--
-- Índices para tabela `tb_userslogs`
--
ALTER TABLE `tb_userslogs`
  ADD PRIMARY KEY (`idlog`),
  ADD KEY `fk_userslogs_users_idx` (`iduser`);

--
-- Índices para tabela `tb_userspasswordsrecoveries`
--
ALTER TABLE `tb_userspasswordsrecoveries`
  ADD PRIMARY KEY (`idrecovery`),
  ADD KEY `fk_userspasswordsrecoveries_users_idx` (`iduser`);

--
-- AUTO_INCREMENT de tabelas despejadas
--

--
-- AUTO_INCREMENT de tabela `tb_addresses`
--
ALTER TABLE `tb_addresses`
  MODIFY `idaddress` int(11) NOT NULL AUTO_INCREMENT;

--
-- AUTO_INCREMENT de tabela `tb_cartsproducts`
--
ALTER TABLE `tb_cartsproducts`
  MODIFY `idcartproduct` int(11) NOT NULL AUTO_INCREMENT;

--
-- AUTO_INCREMENT de tabela `tb_categories`
--
ALTER TABLE `tb_categories`
  MODIFY `idcategory` int(11) NOT NULL AUTO_INCREMENT, AUTO_INCREMENT=11;

--
-- AUTO_INCREMENT de tabela `tb_orders`
--
ALTER TABLE `tb_orders`
  MODIFY `idorder` int(11) NOT NULL AUTO_INCREMENT;

--
-- AUTO_INCREMENT de tabela `tb_ordersstatus`
--
ALTER TABLE `tb_ordersstatus`
  MODIFY `idstatus` int(11) NOT NULL AUTO_INCREMENT, AUTO_INCREMENT=5;

--
-- AUTO_INCREMENT de tabela `tb_persons`
--
ALTER TABLE `tb_persons`
  MODIFY `idperson` int(11) NOT NULL AUTO_INCREMENT, AUTO_INCREMENT=18;

--
-- AUTO_INCREMENT de tabela `tb_products`
--
ALTER TABLE `tb_products`
  MODIFY `idproduct` int(11) NOT NULL AUTO_INCREMENT, AUTO_INCREMENT=4;

--
-- AUTO_INCREMENT de tabela `tb_users`
--
ALTER TABLE `tb_users`
  MODIFY `iduser` int(11) NOT NULL AUTO_INCREMENT, AUTO_INCREMENT=18;

--
-- AUTO_INCREMENT de tabela `tb_userslogs`
--
ALTER TABLE `tb_userslogs`
  MODIFY `idlog` int(11) NOT NULL AUTO_INCREMENT;

--
-- AUTO_INCREMENT de tabela `tb_userspasswordsrecoveries`
--
ALTER TABLE `tb_userspasswordsrecoveries`
  MODIFY `idrecovery` int(11) NOT NULL AUTO_INCREMENT, AUTO_INCREMENT=50;

--
-- Restrições para despejos de tabelas
--

--
-- Limitadores para a tabela `tb_addresses`
--
ALTER TABLE `tb_addresses`
  ADD CONSTRAINT `fk_addresses_persons` FOREIGN KEY (`idperson`) REFERENCES `tb_persons` (`idperson`) ON DELETE NO ACTION ON UPDATE NO ACTION;

--
-- Limitadores para a tabela `tb_carts`
--
ALTER TABLE `tb_carts`
  ADD CONSTRAINT `fk_carts_addresses` FOREIGN KEY (`idaddress`) REFERENCES `tb_addresses` (`idaddress`) ON DELETE NO ACTION ON UPDATE NO ACTION,
  ADD CONSTRAINT `fk_carts_users` FOREIGN KEY (`iduser`) REFERENCES `tb_users` (`iduser`) ON DELETE NO ACTION ON UPDATE NO ACTION;

--
-- Limitadores para a tabela `tb_cartsproducts`
--
ALTER TABLE `tb_cartsproducts`
  ADD CONSTRAINT `fk_cartsproducts_carts` FOREIGN KEY (`idcart`) REFERENCES `tb_carts` (`idcart`) ON DELETE NO ACTION ON UPDATE NO ACTION,
  ADD CONSTRAINT `fk_cartsproducts_products` FOREIGN KEY (`idproduct`) REFERENCES `tb_products` (`idproduct`) ON DELETE NO ACTION ON UPDATE NO ACTION;

--
-- Limitadores para a tabela `tb_orders`
--
ALTER TABLE `tb_orders`
  ADD CONSTRAINT `fk_orders_carts` FOREIGN KEY (`idcart`) REFERENCES `tb_carts` (`idcart`) ON DELETE NO ACTION ON UPDATE NO ACTION,
  ADD CONSTRAINT `fk_orders_ordersstatus` FOREIGN KEY (`idstatus`) REFERENCES `tb_ordersstatus` (`idstatus`) ON DELETE NO ACTION ON UPDATE NO ACTION,
  ADD CONSTRAINT `fk_orders_users` FOREIGN KEY (`iduser`) REFERENCES `tb_users` (`iduser`) ON DELETE NO ACTION ON UPDATE NO ACTION;

--
-- Limitadores para a tabela `tb_productscategories`
--
ALTER TABLE `tb_productscategories`
  ADD CONSTRAINT `fk_productscategories_categories` FOREIGN KEY (`idcategory`) REFERENCES `tb_categories` (`idcategory`) ON DELETE NO ACTION ON UPDATE NO ACTION,
  ADD CONSTRAINT `fk_productscategories_products` FOREIGN KEY (`idproduct`) REFERENCES `tb_products` (`idproduct`) ON DELETE NO ACTION ON UPDATE NO ACTION;

--
-- Limitadores para a tabela `tb_users`
--
ALTER TABLE `tb_users`
  ADD CONSTRAINT `fk_users_persons` FOREIGN KEY (`idperson`) REFERENCES `tb_persons` (`idperson`) ON DELETE NO ACTION ON UPDATE NO ACTION;

--
-- Limitadores para a tabela `tb_userslogs`
--
ALTER TABLE `tb_userslogs`
  ADD CONSTRAINT `fk_userslogs_users` FOREIGN KEY (`iduser`) REFERENCES `tb_users` (`iduser`) ON DELETE NO ACTION ON UPDATE NO ACTION;

--
-- Limitadores para a tabela `tb_userspasswordsrecoveries`
--
ALTER TABLE `tb_userspasswordsrecoveries`
  ADD CONSTRAINT `fk_userspasswordsrecoveries_users` FOREIGN KEY (`iduser`) REFERENCES `tb_users` (`iduser`) ON DELETE NO ACTION ON UPDATE NO ACTION;
COMMIT;

/*!40101 SET CHARACTER_SET_CLIENT=@OLD_CHARACTER_SET_CLIENT */;
/*!40101 SET CHARACTER_SET_RESULTS=@OLD_CHARACTER_SET_RESULTS */;
/*!40101 SET COLLATION_CONNECTION=@OLD_COLLATION_CONNECTION */;
